{"stats":{"minecraft:mined":{"minecraft:grass_block":1,"minecraft:oak_log":5,"minecraft:oak_leaves":3},"minecraft:picked_up":{"minecraft:oak_log":5,"minecraft:mutton":1,"minecraft:white_wool":1,"minecraft:dirt":1},"minecraft:custom":{"minecraft:time_since_rest":7935,"minecraft:open_chest":2,"minecraft:sprint_one_cm":18129,"minecraft:play_time":7935,"minecraft:damage_taken":30,"minecraft:walk_one_cm":2646,"minecraft:mob_kills":1,"minecraft:jump":96,"minecraft:damage_dealt":80,"minecraft:leave_game":2,"minecraft:time_since_death":7935,"minecraft:total_world_time":7935,"minecraft:fall_one_cm":2679,"minecraft:fly_one_cm":18192},"minecraft:used":{"minecraft:white_wool":1,"minecraft:dirt":1,"minecraft:oak_button":1},"minecraft:crafted":{"minecraft:oak_button":1,"minecraft:oak_planks":20,"minecraft:crafting_table":1,"minecraft:stick":16},"minecraft:killed":{"minecraft:sheep":1}},"DataVersion":3578}