{"stats":{"minecraft:mined":{"minecraft:grass":2,"minecraft:oak_log":4,"minecraft:crafting_table":1,"minecraft:oak_leaves":3},"minecraft:picked_up":{"minecraft:crafting_table":1,"minecraft:brown_wool":1,"minecraft:leather":5,"minecraft:wheat_seeds":1,"minecraft:beef":5,"minecraft:porkchop":2,"minecraft:oak_log":4,"minecraft:mutton":13,"minecraft:oak_sapling":1,"minecraft:oak_planks":1,"minecraft:white_wool":6},"minecraft:crafted":{"minecraft:oak_planks":16,"minecraft:crafting_table":1,"minecraft:stick":8,"minecraft:wooden_pickaxe":1,"minecraft:wooden_axe":1},"minecraft:killed":{"minecraft:sheep":7,"minecraft:pig":1,"minecraft:cow":4},"minecraft:used":{"minecraft:wooden_axe":17,"minecraft:crafting_table":1,"minecraft:oak_sapling":1,"minecraft:wooden_pickaxe":2},"minecraft:custom":{"minecraft:time_since_rest":6007,"minecraft:play_time":6007,"minecraft:sprint_one_cm":25231,"minecraft:walk_one_cm":9121,"minecraft:mob_kills":12,"minecraft:drop":2,"minecraft:jump":121,"minecraft:damage_dealt":1060,"minecraft:leave_game":1,"minecraft:walk_on_water_one_cm":89,"minecraft:time_since_death":6007,"minecraft:total_world_time":6007,"minecraft:interact_with_crafting_table":1,"minecraft:fall_one_cm":3938,"minecraft:fly_one_cm":31361},"minecraft:dropped":{"minecraft:oak_planks":1,"minecraft:wheat_seeds":1}},"DataVersion":3578}